Client,URL,Keyword,Location
Fulfillio,https://fulfillio.com.au/,3pl,Australia
Fulfillio,https://fulfillio.com.au/,3pl logistics,Australia
Fulfillio,https://fulfillio.com.au/,3pl logistics melbourne,Melbourne VIC
Fulfillio,https://fulfillio.com.au/,3pl melbourne,Australia
Fulfillio,https://fulfillio.com.au/,3pl melbourne,Melbourne VIC
Fulfillio,https://fulfillio.com.au/,3pl services melbourne,Melbourne VIC
Fulfillio,https://fulfillio.com.au/,3pl warehouse,Australia
Fulfillio,https://fulfillio.com.au/,3pl warehouse melbourne,Melbourne VIC
Fulfillio,https://fulfillio.com.au/,3pl warehousing melbourne,Melbourne VIC
Fulfillio,https://fulfillio.com.au/,cross docking melbourne,Melbourne VIC
Fulfillio,https://fulfillio.com.au/,distribution services melbourne,Melbourne VIC
Fulfillio,https://fulfillio.com.au/,fulfillment,Australia
Fulfillio,https://fulfillio.com.au/,fulfillment melbourne,Melbourne VIC
Fulfillio,https://fulfillio.com.au/,fulfilment centre,Australia
Fulfillio,https://fulfillio.com.au/,fulfilment centre melbourne,Australia
Fulfillio,https://fulfillio.com.au/,fulfilment centre melbourne,Melbourne VIC
Fulfillio,https://fulfillio.com.au/,logistics companies,Australia
Fulfillio,https://fulfillio.com.au/,logistics companies melbourne,Melbourne VIC
Fulfillio,https://fulfillio.com.au/,logistics melbourne,Melbourne VIC
Fulfillio,https://fulfillio.com.au/,logistics provider,Australia
Fulfillio,https://fulfillio.com.au/,logistics provider melbourne,Melbourne VIC
Fulfillio,https://fulfillio.com.au/,pick and pack melbourne,Australia
Fulfillio,https://fulfillio.com.au/,pick and pack melbourne,Melbourne VIC
Fulfillio,https://fulfillio.com.au/,pick packing,Australia
Fulfillio,https://fulfillio.com.au/,storage melbourne,Melbourne VIC
Fulfillio,https://fulfillio.com.au/,third party logistics melbourne,Melbourne VIC
Fulfillio,https://fulfillio.com.au/,third party logistics melbourne,Australia
Fulfillio,https://fulfillio.com.au/,third party logistics melbourne,Melbourne VIC
Fulfillio,https://fulfillio.com.au/,transport company melbourne,Melbourne VIC
Fulfillio,https://fulfillio.com.au/,warehouse distribution melbourne,Melbourne VIC
Fulfillio,https://fulfillio.com.au/,warehouse logistics,Australia
Fulfillio,https://fulfillio.com.au/,warehouse logistics melbourne,Melbourne VIC
Fulfillio,https://fulfillio.com.au/,warehouse storage melbourne,Melbourne VIC
Fulfillio,https://fulfillio.com.au/,warehousing,Australia
Fulfillio,https://fulfillio.com.au/,warehousing melbourne,Melbourne VIC
First 5 Mintues,https://first5minutes.com.au/,emergency evacuation map,Australia
First 5 Mintues,https://first5minutes.com.au/,emergency evacuation exercise,Australia
First 5 Mintues,https://first5minutes.com.au/,evacuation diagram,Australia
First 5 Mintues,https://first5minutes.com.au/,fire evacuation diagram,Australia
First 5 Mintues,https://first5minutes.com.au/,fire warden training regulations,Australia
First 5 Mintues,https://first5minutes.com.au/,warden training online,Australia
First 5 Mintues,https://first5minutes.com.au/,fire evacuation exercise,Australia
First 5 Mintues,https://first5minutes.com.au/,evacuation plan diagram,Australia
First 5 Mintues,https://first5minutes.com.au/,emergency evacuation procedure checklist,Australia
First 5 Mintues,https://first5minutes.com.au/,emergency evacuation diagram requirements,Australia
First 5 Mintues,https://first5minutes.com.au/,emergency preparedness online,Australia
First 5 Mintues,https://first5minutes.com.au/,fire evac plan,Australia
First 5 Mintues,https://first5minutes.com.au/,fire safety audit,Australia
First 5 Mintues,https://first5minutes.com.au/,management in use plan,Australia
First 5 Mintues,https://first5minutes.com.au/,online emergency training,Australia
First 5 Mintues,https://first5minutes.com.au/,suspicious package handling,Australia
First 5 Mintues,https://first5minutes.com.au/,vr fire extinguisher training,Australia
First 5 Mintues,https://first5minutes.com.au/,fire gap analysis,Australia
First 5 Mintues,https://first5minutes.com.au/,building evacuation plan,Australia
First 5 Mintues,https://first5minutes.com.au/,bomb threat procedures in the workplace,Australia
First 5 Mintues,https://first5minutes.com.au/,emergency evacuation plan australian standards,Australia
First 5 Mintues,https://first5minutes.com.au/,emergency response training,Australia
First 5 Mintues,https://first5minutes.com.au/,personal emergency evacuation plan,Australia
First 5 Mintues,https://first5minutes.com.au/,personal emergency evacuation plan template,Australia
First 5 Mintues,https://first5minutes.com.au/,online warden training,Australia
First 5 Mintues,https://first5minutes.com.au/,emergency evacuation procedure,Australia
First 5 Mintues,https://first5minutes.com.au/,emergency management solutions,Australia
First 5 Mintues,https://first5minutes.com.au/,fire emergency evacuation plan,Australia
First 5 Mintues,https://first5minutes.com.au/,fire safety adviser,Australia
First 5 Mintues,https://first5minutes.com.au/,what are the australian standards for emergency control,Australia
First 5 Mintues,https://first5minutes.com.au/,warden training,Australia
First 5 Mintues,https://first5minutes.com.au/,emergency management manual,Australia
First 5 Mintues,https://first5minutes.com.au/,evacuation diagram australian standards,Australia
First 5 Mintues,https://first5minutes.com.au/,emergency evacuation training,Australia
First 5 Mintues,https://first5minutes.com.au/,evacuation plan australian standard,Australia
First 5 Mintues,https://first5minutes.com.au/,fire evacuation plan,Australia
First 5 Mintues,https://first5minutes.com.au/,lockdown procedures in the workplace,Australia
First 5 Mintues,https://first5minutes.com.au/,fire evacuation procedure template,Australia
First 5 Mintues,https://first5minutes.com.au/,online fire training,Australia
First 5 Mintues,https://first5minutes.com.au/,emergency response procedure for personal threat,Australia
First 5 Mintues,https://first5minutes.com.au/,fire extinguisher training brisbane,Australia
First 5 Mintues,https://first5minutes.com.au/,emergency evacuation procedures,Australia
First 5 Mintues,https://first5minutes.com.au/,emergency evacuation diagrams,Australia
First 5 Mintues,https://first5minutes.com.au/,fire safety advisor course brisbane,Australia
First 5 Mintues,https://first5minutes.com.au/,fire safety advisor refresher training brisbane,Australia
First 5 Mintues,https://first5minutes.com.au/,fire warden hats and vests,Australia
First 5 Mintues,https://first5minutes.com.au/,evac services,Australia
First 5 Mintues,https://first5minutes.com.au/,online fire warden training,Australia
First 5 Mintues,https://first5minutes.com.au/,fire and evacuation plan,Australia
First 5 Mintues,https://first5minutes.com.au/,emergency evacuation,Australia
First 5 Mintues,https://first5minutes.com.au/,fire extinguisher training sydney,Australia
First 5 Mintues,https://first5minutes.com.au/,fire safety advisor,Australia
First 5 Mintues,https://first5minutes.com.au/,fire safety training in the workplace,Australia
First 5 Mintues,https://first5minutes.com.au/,emergency warden training,Australia
First 5 Mintues,https://first5minutes.com.au/,spot training,Australia
First 5 Mintues,https://first5minutes.com.au/,fire extinguisher course,Australia
First 5 Mintues,https://first5minutes.com.au/,fire extinguisher training melbourne,Australia
First 5 Mintues,https://first5minutes.com.au/,fire warden training online,Australia
First 5 Mintues,https://first5minutes.com.au/,fire evacuation procedures,Australia
First 5 Mintues,https://first5minutes.com.au/,armed hold up procedures,Australia
First 5 Mintues,https://first5minutes.com.au/,bomb threat checklist australia,Australia
First 5 Mintues,https://first5minutes.com.au/,fire extinguisher training online,Australia
First 5 Mintues,https://first5minutes.com.au/,fire extinguisher training,Australia
First 5 Mintues,https://first5minutes.com.au/,armed robbery procedures,Australia
First 5 Mintues,https://first5minutes.com.au/,online fire extinguisher training,Australia
First 5 Mintues,https://first5minutes.com.au/,bomb threat checklist,Australia
First 5 Mintues,https://first5minutes.com.au/,fire training melbourne,Australia
First 5 Mintues,https://first5minutes.com.au/,fire emergency evacuation procedures,Australia
First 5 Mintues,https://first5minutes.com.au/,fire extinguisher training adelaide,Australia
First 5 Mintues,https://first5minutes.com.au/,fire warden training melbourne,Australia
First 5 Mintues,https://first5minutes.com.au/,fire safety advisor training,Australia
First 5 Mintues,https://first5minutes.com.au/,emergency evacuation plan template,Australia
First 5 Mintues,https://first5minutes.com.au/,emergency management training online,Australia
First 5 Mintues,https://first5minutes.com.au/,fire training brisbane,Australia
First 5 Mintues,https://first5minutes.com.au/,fire warden training,Australia
First 5 Mintues,https://first5minutes.com.au/,fire training online,Australia
First 5 Mintues,https://first5minutes.com.au/,emergency evacuation procedures example,Australia
First 5 Mintues,https://first5minutes.com.au/,fire warden equipment,Australia
First 5 Mintues,https://first5minutes.com.au/,fire safety training australia,Australia
First 5 Mintues,https://first5minutes.com.au/,evacuation plan,Australia
First 5 Mintues,https://first5minutes.com.au/,fire safety training brisbane,Australia
First 5 Mintues,https://first5minutes.com.au/,evacuation plans,Australia
First 5 Mintues,https://first5minutes.com.au/,online fire safety training,Australia
First 5 Mintues,https://first5minutes.com.au/,fire warden training adelaide,Australia
First 5 Mintues,https://first5minutes.com.au/,fire safety training adelaide,Australia
First 5 Mintues,https://first5minutes.com.au/,fire warden training sydney,Australia
First 5 Mintues,https://first5minutes.com.au/,emergency colour code flip charts,Australia
First 5 Mintues,https://first5minutes.com.au/,emergency plan example,Australia
First 5 Mintues,https://first5minutes.com.au/,evacuation map,Australia
First 5 Mintues,https://first5minutes.com.au/,fire safety online,Australia
First 5 Mintues,https://first5minutes.com.au/,fire warden training perth,Australia
First 5 Mintues,https://first5minutes.com.au/,emergency preparedness and response in the workplace,Australia
NextGen AV,https://www.nextgenav.com.au/,av companies melbourne,Melbourne VIC
NextGen AV,https://www.nextgenav.com.au/,av hire melbourne,Melbourne VIC
NextGen AV,https://www.nextgenav.com.au/,audio visual hire melbourne,Melbourne VIC
NextGen AV,https://www.nextgenav.com.au/,audio visual melbourne,Melbourne VIC
NextGen AV,https://www.nextgenav.com.au/,led wall hire,Melbourne VIC
NextGen AV,https://www.nextgenav.com.au/,mobile trailer stage melbourne,Melbourne VIC
NextGen AV,https://www.nextgenav.com.au/,trailer stages melbourne,Melbourne VIC
NextGen AV,https://www.nextgenav.com.au/,projector hire,Melbourne VIC
NextGen AV,https://www.nextgenav.com.au/,stage trailer melbourne,Melbourne VIC
NextGen AV,https://www.nextgenav.com.au/,video wall hire,Melbourne VIC
NextGen AV,https://www.nextgenav.com.au/,av hire,Melbourne VIC
NextGen AV,https://www.nextgenav.com.au/,lighting console hire,Melbourne VIC
NextGen AV,https://www.nextgenav.com.au/,audio visual equipment hire,Melbourne VIC
NextGen AV,https://www.nextgenav.com.au/,event production services,Melbourne VIC
NextGen AV,https://www.nextgenav.com.au/,lectern hire melbourne,Melbourne VIC
NextGen AV,https://www.nextgenav.com.au/,mobile stage hire melbourne,Melbourne VIC
NextGen AV,https://www.nextgenav.com.au/,projector hire melbourne,Melbourne VIC
NextGen AV,https://www.nextgenav.com.au/,stage hire for events,Melbourne VIC
NextGen AV,https://www.nextgenav.com.au/,projector rental melbourne,Melbourne VIC
NextGen AV,https://www.nextgenav.com.au/,concert lighting hire,Melbourne VIC
NextGen AV,https://www.nextgenav.com.au/,audio hire melbourne,Melbourne VIC
NextGen AV,https://www.nextgenav.com.au/,event stage hire melbourne,Melbourne VIC
NextGen AV,https://www.nextgenav.com.au/,projector screen hire,Melbourne VIC
NextGen AV,https://www.nextgenav.com.au/,wireless microphone hire melbourne,Melbourne VIC
NextGen AV,https://www.nextgenav.com.au/,stage lighting hire melbourne,Melbourne VIC
NextGen AV,https://www.nextgenav.com.au/,pa hire,Melbourne VIC
NextGen AV,https://www.nextgenav.com.au/,stage lighting hire melbourne,Melbourne VIC
NextGen AV,https://www.nextgenav.com.au/,stage and lighting hire,Melbourne VIC
NextGen AV,https://www.nextgenav.com.au/,sound hire melbourne,Melbourne VIC
NextGen AV,https://www.nextgenav.com.au/,stage lighting melbourne,Melbourne VIC
NextGen AV,https://www.nextgenav.com.au/,hybrid events,Melbourne VIC
NextGen AV,https://www.nextgenav.com.au/,pa hire melbourne,Melbourne VIC
NextGen AV,https://www.nextgenav.com.au/,microphone hire,Melbourne VIC
NextGen AV,https://www.nextgenav.com.au/,speaker hire melbourne,Melbourne VIC
NextGen AV,https://www.nextgenav.com.au/,lighting hire melbourne,Melbourne VIC
NextGen AV,https://www.nextgenav.com.au/,lighting equipment hire,Melbourne VIC
NextGen AV,https://www.nextgenav.com.au/,lighting hire,Melbourne VIC
NextGen AV,https://www.nextgenav.com.au/,event lighting hire,Melbourne VIC
NextGen AV,https://www.nextgenav.com.au/,hire lighting,Melbourne VIC
NextGen AV,https://www.nextgenav.com.au/,lighting for hire,Melbourne VIC
NextGen AV,https://www.nextgenav.com.au/,concert lighting melbourne,Melbourne VIC
NextGen AV,https://www.nextgenav.com.au/,stage and theatre lighting,Melbourne VIC
Lee Group Fencing,https://leebrosfencing.com.au/,hoardings,Melbourne VIC
Lee Group Fencing,https://leebrosfencing.com.au/,sliding gates,Melbourne VIC
Lee Group Fencing,https://leebrosfencing.com.au/,automatic sliding gate,Melbourne VIC
Lee Group Fencing,https://leebrosfencing.com.au/,construction hoardings,Melbourne VIC
Lee Group Fencing,https://leebrosfencing.com.au/,acoustic fences,Melbourne VIC
Lee Group Fencing,https://leebrosfencing.com.au/,cantilever gate,Melbourne VIC
Lee Group Fencing,https://leebrosfencing.com.au/,cantilever gates,Melbourne VIC
Lee Group Fencing,https://leebrosfencing.com.au/,weld mesh fencing,Melbourne VIC
Lee Group Fencing,https://leebrosfencing.com.au/,commercial fencing,Melbourne VIC
Lee Group Fencing,https://leebrosfencing.com.au/,industrial fencing,Melbourne VIC
Lee Group Fencing,https://leebrosfencing.com.au/,anti climb fences,Melbourne VIC
Lee Group Fencing,https://leebrosfencing.com.au/,anti climb fencing,Melbourne VIC
Lee Group Fencing,https://leebrosfencing.com.au/,security fencing melbourne,Melbourne VIC
Lee Group Fencing,https://leebrosfencing.com.au/,noise walls,Melbourne VIC
Lee Group Fencing,https://leebrosfencing.com.au/,commercial gates,Melbourne VIC
Lee Group Fencing,https://leebrosfencing.com.au/,sliding fence gate,Melbourne VIC
Lee Group Fencing,https://leebrosfencing.com.au/,steel fencing melbourne,Melbourne VIC
Lee Group Fencing,https://leebrosfencing.com.au/,steel fence melbourne,Melbourne VIC
Lee Group Fencing,https://leebrosfencing.com.au/,swinging gates,Melbourne VIC
Lee Group Fencing,https://leebrosfencing.com.au/,tubular steel fencing,Melbourne VIC
Lee Group Fencing,https://leebrosfencing.com.au/,commercial fencing melbourne,Melbourne VIC
Lee Group Fencing,https://leebrosfencing.com.au/,industrial gates,Melbourne VIC
Lee Group Fencing,https://leebrosfencing.com.au/,industrial gate,Melbourne VIC
Lee Group Fencing,https://leebrosfencing.com.au/,chain mesh fencing melbourne,Melbourne VIC
Lee Group Fencing,https://leebrosfencing.com.au/,colorbond acoustic fences,Melbourne VIC
Lee Group Fencing,https://leebrosfencing.com.au/,steel sliding gates,Melbourne VIC
Lee Group Fencing,https://leebrosfencing.com.au/,high security fence,Melbourne VIC
Lee Group Fencing,https://leebrosfencing.com.au/,high security fencing,Melbourne VIC
Lee Group Fencing,https://leebrosfencing.com.au/,industrial fencing melbourne,Melbourne VIC
Lee Group Fencing,https://leebrosfencing.com.au/,railway fencing,Melbourne VIC
Lee Group Fencing,https://leebrosfencing.com.au/,hoarding fencing,Melbourne VIC
Lee Group Fencing,https://leebrosfencing.com.au/,acoustic fencing melbourne,Melbourne VIC
Lee Group Fencing,https://leebrosfencing.com.au/,acoustic walls melbourne,Melbourne VIC
Lee Group Fencing,https://leebrosfencing.com.au/,cantilever gates melbourne,Melbourne VIC
Lee Group Fencing,https://leebrosfencing.com.au/,industrial security fencing,Melbourne VIC
Lee Group Fencing,https://leebrosfencing.com.au/,commercial fencing contractors melbourne,Melbourne VIC
Lee Group Fencing,https://leebrosfencing.com.au/,industrial fencing contractors melbourne,Melbourne VIC
Lee Group Fencing,https://leebrosfencing.com.au/,commercial timber fencing,Melbourne VIC
Lee Group Fencing,https://leebrosfencing.com.au/,high security fencing melbourne,Melbourne VIC
Lee Group Fencing,https://leebrosfencing.com.au/,commercial noise walls,Melbourne VIC
Lee Group Fencing,https://leebrosfencing.com.au/,commercial steel fencing,Melbourne VIC
Lee Group Fencing,https://leebrosfencing.com.au/,noise walls melbourne,Melbourne VIC
Lee Group Fencing,https://leebrosfencing.com.au/,commercial hoarding,Melbourne VIC
Lee Group Fencing,https://leebrosfencing.com.au/,commercial colorbond fences,Melbourne VIC
Lee Group Fencing,https://leebrosfencing.com.au/,industrial colorbond fences,Melbourne VIC
Lee Group Fencing,https://leebrosfencing.com.au/,commercial noise barrier wall,Melbourne VIC
Lee Group Fencing,https://leebrosfencing.com.au/,commercial colorbond acoustic fences,Melbourne VIC
Lee Group Fencing,https://leebrosfencing.com.au/,industrial colorbond acoustic fences,Melbourne VIC
Lee Group Fencing,https://leebrosfencing.com.au/,commercial acoustic fencing melbourne,Melbourne VIC
Lifelong Wealth,https://lifelongwealth.com.au/,financial advisors brisbane north,Brisbane QLD
Lifelong Wealth,https://lifelongwealth.com.au/,financial advisors strathpine,Brisbane QLD
Lifelong Wealth,https://lifelongwealth.com.au/,financial advisory brisbane north,Brisbane QLD
Lifelong Wealth,https://lifelongwealth.com.au/,financial planners strathpine,Brisbane QLD
Lifelong Wealth,https://lifelongwealth.com.au/,financial planning strathpine,Brisbane QLD
Lifelong Wealth,https://lifelongwealth.com.au/,retirement planning strathpine,Brisbane QLD
Lifelong Wealth,https://lifelongwealth.com.au/,superannuation strathpine,Brisbane QLD
Lifelong Wealth,https://lifelongwealth.com.au/,wealth management planners strathpine,Brisbane QLD
Lifelong Wealth,https://lifelongwealth.com.au/,estate planning bald hills,Brisbane QLD
Lifelong Wealth,https://lifelongwealth.com.au/,financial advisors bald hills,Brisbane QLD
Lifelong Wealth,https://lifelongwealth.com.au/,financial advisory bald hills,Brisbane QLD
Lifelong Wealth,https://lifelongwealth.com.au/,financial planner bald hills,Brisbane QLD
Lifelong Wealth,https://lifelongwealth.com.au/,financial planning bald hills,Brisbane QLD
Lifelong Wealth,https://lifelongwealth.com.au/,retirement planning bald hills,Brisbane QLD
Lifelong Wealth,https://lifelongwealth.com.au/,superannuation consultants bald hills,Brisbane QLD
Lifelong Wealth,https://lifelongwealth.com.au/,superannuation bald hills,Brisbane QLD
Lifelong Wealth,https://lifelongwealth.com.au/,wealth management bald hills,Brisbane QLD
Lifelong Wealth,https://lifelongwealth.com.au/,financial advisory strathpine,Brisbane QLD
Lifelong Wealth,https://lifelongwealth.com.au/,financial planners brisbane north,Brisbane QLD
Lifelong Wealth,https://lifelongwealth.com.au/,financial planning brisbane north,Brisbane QLD
Lifelong Wealth,https://lifelongwealth.com.au/,retirement planning brisbane north,Brisbane QLD
Lifelong Wealth,https://lifelongwealth.com.au/,superannuation consultants brisbane north,Brisbane QLD
Lifelong Wealth,https://lifelongwealth.com.au/,wealth management company brisbane north,Brisbane QLD
Lifelong Wealth,https://lifelongwealth.com.au/,wealth management company strathpine,Brisbane QLD
Lifelong Wealth,https://lifelongwealth.com.au/,wealth management planners brisbane north,Brisbane QLD
Lifelong Wealth,https://lifelongwealth.com.au/,financial advice for military personnel,Brisbane QLD
Lifelong Wealth,https://lifelongwealth.com.au/,financial planner brisbane,Brisbane QLD
Lifelong Wealth,https://lifelongwealth.com.au/,estate planning strathpine,Brisbane QLD
Lifelong Wealth,https://lifelongwealth.com.au/,financial planners brisbane,Brisbane QLD
Lifelong Wealth,https://lifelongwealth.com.au/,veteran financial planning,Brisbane QLD
Lifelong Wealth,https://lifelongwealth.com.au/,military financial advice,Brisbane QLD
Lifelong Wealth,https://lifelongwealth.com.au/,veterans financial planning,Brisbane QLD
Lifelong Wealth,https://lifelongwealth.com.au/,financial planning for veterans,Brisbane QLD
Lifelong Wealth,https://lifelongwealth.com.au/,financial advice for veterans,Brisbane QLD
Lifelong Wealth,https://lifelongwealth.com.au/,dva financial advice,Brisbane QLD
Lifelong Wealth,https://lifelongwealth.com.au/,organic local estate planning brisbane north,Brisbane QLD
Lifelong Wealth,https://lifelongwealth.com.au/,srdp dva,Brisbane QLD
Lifelong Wealth,https://lifelongwealth.com.au/,srdp,Brisbane QLD
Lifelong Wealth,https://lifelongwealth.com.au/,dva srdp,Brisbane QLD
Lifelong Wealth,https://lifelongwealth.com.au/,dva special rate disability pension,Brisbane QLD
Lifelong Wealth,https://lifelongwealth.com.au/,special rate disability pension,Brisbane QLD
PPM Finance,https://ppmfinance.com.au/,mortgage brokers melbourne,Melbourne VIC
PPM Finance,https://ppmfinance.com.au/,mortgage brokers melbourne,Melbourne VIC
PPM Finance,https://ppmfinance.com.au/,home loan brokers melbourne,Melbourne VIC
PPM Finance,https://ppmfinance.com.au/,mortgage broker for refinancing,Melbourne VIC
PPM Finance,https://ppmfinance.com.au/,refinancing mortgage broker,Melbourne VIC
PPM Finance,https://ppmfinance.com.au/,best mortgage brokers melbourne,Melbourne VIC
PPM Finance,https://ppmfinance.com.au/,business loan brokers melbourne,Melbourne VIC
PPM Finance,https://ppmfinance.com.au/,refinance home loan melbourne,Melbourne VIC
PPM Finance,https://ppmfinance.com.au/,refinancing home loan to consolidate debt,Melbourne VIC
PPM Finance,https://ppmfinance.com.au/,independent mortgage brokers melbourne,Melbourne VIC
PPM Finance,https://ppmfinance.com.au/,business finance brokers melbourne,Melbourne VIC
PPM Finance,https://ppmfinance.com.au/,mortgage broker reviews melbourne,Melbourne VIC
PPM Finance,https://ppmfinance.com.au/,mortgage broker brunswick,Melbourne VIC
PPM Finance,https://ppmfinance.com.au/,best home loan brokers melbourne,Melbourne VIC
PPM Finance,https://ppmfinance.com.au/,mortgage broker brunswick,Melbourne VIC
PPM Finance,https://ppmfinance.com.au/,commercial loan broker melbourne,Melbourne VIC
PPM Finance,https://ppmfinance.com.au/,vehicle finance brokers melbourne,Melbourne VIC
PPM Finance,https://ppmfinance.com.au/,mortgage comparison melbourne,Melbourne VIC
PPM Finance,https://ppmfinance.com.au/,equipment finance broker melbourne,Melbourne VIC
PPM Finance,https://ppmfinance.com.au/,home loan advice melbourne,Melbourne VIC
PPM Finance,https://ppmfinance.com.au/,home loan experts melbourne,Melbourne VIC
PPM Finance,https://ppmfinance.com.au/,top-rated mortgage brokers melbourne,Melbourne VIC
PPM Finance,https://ppmfinance.com.au/,mortgage broker near me melbourne,Melbourne VIC
PPM Finance,https://ppmfinance.com.au/,trusted mortgage advice melbourne,Melbourne VIC
PPM Finance,https://ppmfinance.com.au/,home loan refinance rates melbourne,Melbourne VIC
PPM Finance,https://ppmfinance.com.au/,refinance calculator melbourne,Melbourne VIC
PPM Finance,https://ppmfinance.com.au/,refinancing to lower rate melbourne,Melbourne VIC
PPM Finance,https://ppmfinance.com.au/,debt consolidation refinancing melbourne,Melbourne VIC
PPM Finance,https://ppmfinance.com.au/,equity refinancing melbourne,Melbourne VIC
PPM Finance,https://ppmfinance.com.au/,first home buyer brokers melbourne,Melbourne VIC
PPM Finance,https://ppmfinance.com.au/,home loan application help melbourne,Melbourne VIC
PPM Finance,https://ppmfinance.com.au/,home loan pre-approval melbourne,Melbourne VIC
PPM Finance,https://ppmfinance.com.au/,affordable home loans melbourne,Melbourne VIC
PPM Finance,https://ppmfinance.com.au/,small business loan brokers melbourne,Melbourne VIC
PPM Finance,https://ppmfinance.com.au/,startup business loans melbourne,Melbourne VIC
PPM Finance,https://ppmfinance.com.au/,quick business loans melbourne,Melbourne VIC
PPM Finance,https://ppmfinance.com.au/,commercial property loan brokers melbourne,Melbourne VIC
PPM Finance,https://ppmfinance.com.au/,commercial real estate finance melbourne,Melbourne VIC
PPM Finance,https://ppmfinance.com.au/,commercial lending brokers melbourne,Melbourne VIC
PPM Finance,https://ppmfinance.com.au/,asset finance broker melbourne,Melbourne VIC
PPM Finance,https://ppmfinance.com.au/,home loan broker brunswick,Melbourne VIC
PPM Finance,https://ppmfinance.com.au/,refinance broker brunswick,Melbourne VIC
PPM Finance,https://ppmfinance.com.au/,first home buyer brunswick,Melbourne VIC
Erneste,https://erneste.com.au/,tile shop melbourne,Melbourne VIC
Erneste,https://erneste.com.au/,terrazzo tiles,Melbourne VIC
Erneste,https://erneste.com.au/,splashback tiles,Melbourne VIC
Erneste,https://erneste.com.au/,new release tiles,Melbourne VIC
Erneste,https://erneste.com.au/,bathroom tiles concrete & cement look tiles,Melbourne VIC
Erneste,https://erneste.com.au/,alfresco tiles,Melbourne VIC
Erneste,https://erneste.com.au/,terrazzo outdoor tiles,Melbourne VIC
Erneste,https://erneste.com.au/,tile clearance melbourne,Melbourne VIC
Erneste,https://erneste.com.au/,porcelain wood look tiles,Melbourne VIC
Erneste,https://erneste.com.au/,melbourne tiles,Melbourne VIC
Erneste,https://erneste.com.au/,feature tiles,Melbourne VIC
Erneste,https://erneste.com.au/,bathroom tiles melbourne,Melbourne VIC
Erneste,https://erneste.com.au/,terrazzo look tiles,Melbourne VIC
Erneste,https://erneste.com.au/,cheap tiles,Melbourne VIC
Erneste,https://erneste.com.au/,marble look tiles melbourne,Melbourne VIC
Erneste,https://erneste.com.au/,terrazzo effect tiles,Melbourne VIC
Erneste,https://erneste.com.au/,timber tiles melbourne,Melbourne VIC
Erneste,https://erneste.com.au/,kitchen tiles marble look tiles,Melbourne VIC
Erneste,https://erneste.com.au/,kit kat tiles,Melbourne VIC
Erneste,https://erneste.com.au/,cement tiles melbourne,Melbourne VIC
Erneste,https://erneste.com.au/,decorative tiles melbourne,Melbourne VIC
Erneste,https://erneste.com.au/,outdoor tiles melbourne,Melbourne VIC
Erneste,https://erneste.com.au/,wall tiles melbourne,Melbourne VIC
Erneste,https://erneste.com.au/,tile shops in melbourne,Melbourne VIC
Erneste,https://erneste.com.au/,discount tiles,Melbourne VIC
Erneste,https://erneste.com.au/,concrete look tiles melbourne,Melbourne VIC
Erneste,https://erneste.com.au/,rectangular tiles,Melbourne VIC
Erneste,https://erneste.com.au/,pool tiles timber & wood look tiles,Melbourne VIC
Erneste,https://erneste.com.au/,decorative tiles,Melbourne VIC
Erneste,https://erneste.com.au/,cement floor tiles,Melbourne VIC
Erneste,https://erneste.com.au/,cement tiles bathroom,Melbourne VIC
Erneste,https://erneste.com.au/,cement tiles outdoor,Melbourne VIC
Erneste,https://erneste.com.au/,decorative floor tiles,Melbourne VIC
Erneste,https://erneste.com.au/,decorative wall tiles,Melbourne VIC
Erneste,https://erneste.com.au/,designer tiles melbourne,Melbourne VIC
Erneste,https://erneste.com.au/,floor tiles melbourne,Melbourne VIC
Erneste,https://erneste.com.au/,kitchen tiles melbourne,Melbourne VIC
Erneste,https://erneste.com.au/,marble look floor tiles,Melbourne VIC
Erneste,https://erneste.com.au/,marble look tiles,Melbourne VIC
Erneste,https://erneste.com.au/,outdoor non slip tiles,Melbourne VIC
Erneste,https://erneste.com.au/,sandstone look tiles,Melbourne VIC
Erneste,https://erneste.com.au/,stone effect tiles,Melbourne VIC
Erneste,https://erneste.com.au/,stone look floor tiles,Melbourne VIC
Erneste,https://erneste.com.au/,terrazzo floor tiles,Melbourne VIC
Erneste,https://erneste.com.au/,terrazzo tiles melbourne,Melbourne VIC
Erneste,https://erneste.com.au/,tile store melbourne,Melbourne VIC
Erneste,https://erneste.com.au/,subway tiles melbourne,Melbourne VIC
Erneste,https://erneste.com.au/,handmade tiles melbourne,Melbourne VIC
Erneste,https://erneste.com.au/,pool tiles melbourne,Melbourne VIC
Erneste,https://erneste.com.au/,stone look tiles,Melbourne VIC
Turnkey Furniture,https://turnkeyfurniture.com.au/,banquet chairs,Melbourne VIC
Turnkey Furniture,https://turnkeyfurniture.com.au/,banquet chairs for sale,Melbourne VIC
Turnkey Furniture,https://turnkeyfurniture.com.au/,banquet chairs melbourne,Melbourne VIC
Turnkey Furniture,https://turnkeyfurniture.com.au/,banquet chairs perth,Melbourne VIC
Turnkey Furniture,https://turnkeyfurniture.com.au/,banquet chairs sydney,Melbourne VIC
Turnkey Furniture,https://turnkeyfurniture.com.au/,banquet furniture,Melbourne VIC
Turnkey Furniture,https://turnkeyfurniture.com.au/,banquet furniture specialist australia,Melbourne VIC
Turnkey Furniture,https://turnkeyfurniture.com.au/,banquet furniture suppliers,Melbourne VIC
Turnkey Furniture,https://turnkeyfurniture.com.au/,banquet seat,Melbourne VIC
Turnkey Furniture,https://turnkeyfurniture.com.au/,banquet seating,Melbourne VIC
Turnkey Furniture,https://turnkeyfurniture.com.au/,banquet style seating,Melbourne VIC
Turnkey Furniture,https://turnkeyfurniture.com.au/,banquet table and chairs for sale,Melbourne VIC
Turnkey Furniture,https://turnkeyfurniture.com.au/,banquet tables,Melbourne VIC
Turnkey Furniture,https://turnkeyfurniture.com.au/,banqueting furniture,Melbourne VIC
Turnkey Furniture,https://turnkeyfurniture.com.au/,bar and restaurant furniture,Melbourne VIC
Turnkey Furniture,https://turnkeyfurniture.com.au/,church chairs,Melbourne VIC
Turnkey Furniture,https://turnkeyfurniture.com.au/,church chairs for sale,Melbourne VIC
Turnkey Furniture,https://turnkeyfurniture.com.au/,commercial hospitality furniture,Melbourne VIC
Turnkey Furniture,https://turnkeyfurniture.com.au/,custom hotel furniture,Melbourne VIC
Turnkey Furniture,https://turnkeyfurniture.com.au/,function chairs,Melbourne VIC
Turnkey Furniture,https://turnkeyfurniture.com.au/,furniture for hotels,Melbourne VIC
Turnkey Furniture,https://turnkeyfurniture.com.au/,furniture for hotels and restaurants,Melbourne VIC
Turnkey Furniture,https://turnkeyfurniture.com.au/,furniture hotel package,Melbourne VIC
Turnkey Furniture,https://turnkeyfurniture.com.au/,furniture hotel packages,Melbourne VIC
Turnkey Furniture,https://turnkeyfurniture.com.au/,furniture suppliers to hotels,Melbourne VIC
Turnkey Furniture,https://turnkeyfurniture.com.au/,furniture wholesale,Melbourne VIC
Turnkey Furniture,https://turnkeyfurniture.com.au/,hospitality furniture,Melbourne VIC
Turnkey Furniture,https://turnkeyfurniture.com.au/,hotel bar furniture,Melbourne VIC
Turnkey Furniture,https://turnkeyfurniture.com.au/,hotel bar furniture suppliers,Melbourne VIC
Turnkey Furniture,https://turnkeyfurniture.com.au/,hotel bedroom furniture,Melbourne VIC
Turnkey Furniture,https://turnkeyfurniture.com.au/,hotel bedroom furniture melbourne,Melbourne VIC
Turnkey Furniture,https://turnkeyfurniture.com.au/,hotel bedroom furniture perth,Melbourne VIC
Turnkey Furniture,https://turnkeyfurniture.com.au/,hotel bedroom furniture sydney,Melbourne VIC
Turnkey Furniture,https://turnkeyfurniture.com.au/,hotel fit out,Melbourne VIC
Turnkey Furniture,https://turnkeyfurniture.com.au/,hotel fitout australia,Melbourne VIC
Turnkey Furniture,https://turnkeyfurniture.com.au/,hotel fitout melbourne,Melbourne VIC
Turnkey Furniture,https://turnkeyfurniture.com.au/,hotel fitout sydney,Melbourne VIC
Turnkey Furniture,https://turnkeyfurniture.com.au/,hotel furniture,Melbourne VIC
Turnkey Furniture,https://turnkeyfurniture.com.au/,hotel furniture australia,Melbourne VIC
Turnkey Furniture,https://turnkeyfurniture.com.au/,hotel furniture melbourne,Melbourne VIC
Turnkey Furniture,https://turnkeyfurniture.com.au/,hotel furniture packages,Melbourne VIC
Turnkey Furniture,https://turnkeyfurniture.com.au/,hotel furniture suppliers,Melbourne VIC
Turnkey Furniture,https://turnkeyfurniture.com.au/,hotel furniture sydney,Melbourne VIC
Turnkey Furniture,https://turnkeyfurniture.com.au/,hotel furniture wholesale,Melbourne VIC
Turnkey Furniture,https://turnkeyfurniture.com.au/,hotel guestroom furniture australia,Melbourne VIC
Turnkey Furniture,https://turnkeyfurniture.com.au/,hotel guestroom furniture melbourne,Melbourne VIC
Turnkey Furniture,https://turnkeyfurniture.com.au/,hotel guestroom furniture sydney,Melbourne VIC
Turnkey Furniture,https://turnkeyfurniture.com.au/,hotel lobby furniture,Melbourne VIC
Turnkey Furniture,https://turnkeyfurniture.com.au/,hotel lobby furniture for sale,Melbourne VIC
Turnkey Furniture,https://turnkeyfurniture.com.au/,hotel lounge furniture,Melbourne VIC
Turnkey Furniture,https://turnkeyfurniture.com.au/,hotel lounge furniture for sale,Melbourne VIC
Turnkey Furniture,https://turnkeyfurniture.com.au/,hotel lounge sofas,Melbourne VIC
Turnkey Furniture,https://turnkeyfurniture.com.au/,hotel restaurant furniture suppliers,Melbourne VIC
Turnkey Furniture,https://turnkeyfurniture.com.au/,hotel room furniture,Melbourne VIC
Turnkey Furniture,https://turnkeyfurniture.com.au/,modern banquet chairs,Melbourne VIC
Turnkey Furniture,https://turnkeyfurniture.com.au/,oval tables,Melbourne VIC
Turnkey Furniture,https://turnkeyfurniture.com.au/,round banquet tables,Melbourne VIC
Turnkey Furniture,https://turnkeyfurniture.com.au/,service apartment furniture package,Melbourne VIC
Turnkey Furniture,https://turnkeyfurniture.com.au/,serviced apartment fit out,Melbourne VIC
Turnkey Furniture,https://turnkeyfurniture.com.au/,serviced apartment furniture package,Melbourne VIC
Turnkey Furniture,https://turnkeyfurniture.com.au/,stackable banquet chairs,Melbourne VIC
Turnkey Furniture,https://turnkeyfurniture.com.au/,stackable church chairs,Melbourne VIC
Turnkey Furniture,https://turnkeyfurniture.com.au/,stacking banquet chairs,Melbourne VIC
Turnkey Furniture,https://turnkeyfurniture.com.au/,stacking chairs for churches,Melbourne VIC
Turnkey Furniture,https://turnkeyfurniture.com.au/,wholesale furniture,Melbourne VIC
Precision,https://precisionet.com/,electronics manufacturer,Australia
Precision,https://precisionet.com/,custom pcb australia,Australia
Precision,https://precisionet.com/,custom printed circuit board,Australia
Precision,https://precisionet.com/,custom pcb board,Australia
Precision,https://precisionet.com/,box build assembly,Australia
Precision,https://precisionet.com/,pcb assembly australia,Australia
Precision,https://precisionet.com/,printed circuit board manufacturers australia,Australia
Precision,https://precisionet.com/,custom pcb,Australia
Precision,https://precisionet.com/,electronics manufacturers,Australia
Precision,https://precisionet.com/,pcb manufacturing australia,Australia
Precision,https://precisionet.com/,printed circuit board assembly,Australia
Precision,https://precisionet.com/,electronic manufacturing companies in australia,Australia
Precision,https://precisionet.com/,electronic components manufacturing,Australia
Precision,https://precisionet.com/,pcb assembly,Australia
Precision,https://precisionet.com/,pcb manufacturer,Australia
Precision,https://precisionet.com/,box build,Australia
Precision,https://precisionet.com/,electronic components manufacturers,Australia
Precision,https://precisionet.com/,electronic manufacturing,Australia
Precision,https://precisionet.com/,electronics manufacturing services,Australia
Precision,https://precisionet.com/,printed circuit board manufacturers,Australia
Precision,https://precisionet.com/,cable and harness assembly,Australia
Precision,https://precisionet.com/,cable harness assembly,Australia
Precision,https://precisionet.com/,printed circuit board,Australia
Precision,https://precisionet.com/,pcb printed circuit board assembly,Australia
Precision,https://precisionet.com/,cable assembly,Australia
Precision,https://precisionet.com/,pcb circuit board,Australia
Precision,https://precisionet.com/,plastic casing,Australia
Precision,https://precisionet.com/,printed circuit board design,Australia
Precision,https://precisionet.com/,printed circuit board production,Australia
Precision,https://precisionet.com/,pcb board,Australia
Precision,https://precisionet.com/,casting metal,Australia
Precision,https://precisionet.com/,custom plastic injection moulding,Australia
Precision,https://precisionet.com/,plastic display cases,Australia
Precision,https://precisionet.com/,plastic injection moulding,Australia
Precision,https://precisionet.com/,plastic injection moulds,Australia
Precision,https://precisionet.com/,printed circuit board components,Australia
Precision,https://precisionet.com/,sheet metal work,Australia
Precision,https://precisionet.com/,sheet metal fabrication melbourne,Australia
Precision,https://precisionet.com/,iso 9001 certified,Australia
Precision,https://precisionet.com/,system intergration,Australia
Precision,https://precisionet.com/,plastic injection mould,Australia
Precision,https://precisionet.com/,metal casting,Australia
Precision,https://precisionet.com/,metal fabrication,Australia
Precision,https://precisionet.com/,sheet metal fabrication,Australia
Precision,https://precisionet.com/,metal fabrication melbourne,Australia
Precision,https://precisionet.com/,custom metal fabrication melbourne,Australia
Precision,https://precisionet.com/,wire harness,Australia
Precision,https://precisionet.com/,wiring harness,Australia
Precision,https://precisionet.com/,wiring harnesses,Australia
Precision,https://precisionet.com/,plastic cases,Australia